Москва;https://www.zarplata.ru/api/v1/collapsed_vacancies?search_type=fullThrottle&offset=0&limit=100&average_salary=true&categories_facets=true&highlight=true&state=1&explain=1&geo_id=1177&agglomeration_vacancies_count_facets=1&rubric_filter_mode=new
Московская;https://mo.zarplata.ru/api/v1/collapsed_vacancies?search_type=fullThrottle&offset=0&limit=100&average_salary=true&categories_facets=true&highlight=true&state=1&explain=1&geo_id=50&agglomeration_vacancies_count_facets=1&rubric_filter_mode=new
Белгородская;https://belgorodskaya-oblast.zarplata.ru/api/v1/collapsed_vacancies?search_type=fullThrottle&offset=0&limit=100&average_salary=true&categories_facets=true&highlight=true&state=1&explain=1&geo_id=31&agglomeration_vacancies_count_facets=1&rubric_filter_mode=new
Брянская;https://bryanskaya-oblast.zarplata.ru/api/v1/collapsed_vacancies?search_type=fullThrottle&offset=0&limit=100&average_salary=true&categories_facets=true&highlight=true&state=1&explain=1&geo_id=32&agglomeration_vacancies_count_facets=1&rubric_filter_mode=new
Владимирская;https://vladimirskaya-oblast.zarplata.ru/api/v1/collapsed_vacancies?search_type=fullThrottle&offset=0&limit=100&average_salary=true&categories_facets=true&highlight=true&state=1&explain=1&geo_id=33&agglomeration_vacancies_count_facets=1&rubric_filter_mode=new
Воронежская;https://voronezhskaya-oblast.zarplata.ru/api/v1/collapsed_vacancies?search_type=fullThrottle&offset=0&limit=100&average_salary=true&categories_facets=true&highlight=true&state=1&explain=1&geo_id=36&agglomeration_vacancies_count_facets=1&rubric_filter_mode=new
Ивановская;https://ivanovskaya-oblast.zarplata.ru/api/v1/collapsed_vacancies?search_type=fullThrottle&offset=0&limit=100&average_salary=true&categories_facets=true&highlight=true&state=1&explain=1&geo_id=37&agglomeration_vacancies_count_facets=1&rubric_filter_mode=new
Калужская;https://kaluzhskaya-oblast.zarplata.ru/api/v1/collapsed_vacancies?search_type=fullThrottle&offset=0&limit=100&average_salary=true&categories_facets=true&highlight=true&state=1&explain=1&geo_id=40&agglomeration_vacancies_count_facets=1&rubric_filter_mode=new
Костромская;https://kostromskaya-oblast.zarplata.ru/api/v1/collapsed_vacancies?search_type=fullThrottle&offset=0&limit=100&average_salary=true&categories_facets=true&highlight=true&state=1&explain=1&geo_id=44&agglomeration_vacancies_count_facets=1&rubric_filter_mode=new
Курская;https://kurskaya-oblast.zarplata.ru/api/v1/collapsed_vacancies?search_type=fullThrottle&offset=0&limit=100&average_salary=true&categories_facets=true&highlight=true&state=1&explain=1&geo_id=46&agglomeration_vacancies_count_facets=1&rubric_filter_mode=new
Липецкая;https://lipetskaya-oblast.zarplata.ru/api/v1/collapsed_vacancies?search_type=fullThrottle&offset=0&limit=100&average_salary=true&categories_facets=true&highlight=true&state=1&explain=1&geo_id=48&agglomeration_vacancies_count_facets=1&rubric_filter_mode=new
Орловская;https://orlovskaya-oblast.zarplata.ru/api/v1/collapsed_vacancies?search_type=fullThrottle&offset=0&limit=100&average_salary=true&categories_facets=true&highlight=true&state=1&explain=1&geo_id=57&agglomeration_vacancies_count_facets=1&rubric_filter_mode=new
Рязанская;https://ryazanskaya-oblast.zarplata.ru/api/v1/collapsed_vacancies?search_type=fullThrottle&offset=0&limit=100&average_salary=true&categories_facets=true&highlight=true&state=1&explain=1&geo_id=62&agglomeration_vacancies_count_facets=1&rubric_filter_mode=new
Смоленская;https://smolenskaya-oblast.zarplata.ru/api/v1/collapsed_vacancies?search_type=fullThrottle&offset=0&limit=100&average_salary=true&categories_facets=true&highlight=true&state=1&explain=1&geo_id=67&agglomeration_vacancies_count_facets=1&rubric_filter_mode=new
Тамбовская;https://tambovskaya-oblast.zarplata.ru/api/v1/collapsed_vacancies?search_type=fullThrottle&offset=0&limit=100&average_salary=true&categories_facets=true&highlight=true&state=1&explain=1&geo_id=68&agglomeration_vacancies_count_facets=1&rubric_filter_mode=new
Тверская;https://tverskaya-oblast.zarplata.ru/api/v1/collapsed_vacancies?search_type=fullThrottle&offset=0&limit=100&average_salary=true&categories_facets=true&highlight=true&state=1&explain=1&geo_id=69&agglomeration_vacancies_count_facets=1&rubric_filter_mode=new
Тульская;https://tulskaya-oblast.zarplata.ru/api/v1/collapsed_vacancies?search_type=fullThrottle&offset=0&limit=100&average_salary=true&categories_facets=true&highlight=true&state=1&explain=1&geo_id=71&agglomeration_vacancies_count_facets=1&rubric_filter_mode=new
Ярославская;https://yaroslavskaya-oblast.zarplata.ru/api/v1/collapsed_vacancies?search_type=fullThrottle&offset=0&limit=100&average_salary=true&categories_facets=true&highlight=true&state=1&explain=1&geo_id=76&agglomeration_vacancies_count_facets=1&rubric_filter_mode=new
Санкт-Петербург;https://spb.zarplata.ru/api/v1/collapsed_vacancies?search_type=fullThrottle&offset=0&limit=100&average_salary=true&categories_facets=true&highlight=true&state=1&explain=1&geo_id=1178&agglomeration_vacancies_count_facets=1&rubric_filter_mode=new
Ленинградская;https://47.zarplata.ru/api/v1/collapsed_vacancies?search_type=fullThrottle&offset=0&limit=100&average_salary=true&categories_facets=true&highlight=true&state=1&explain=1&geo_id=47&agglomeration_vacancies_count_facets=1&rubric_filter_mode=new
Архангельская;https://arhangelskaya-oblast.zarplata.ru/api/v1/collapsed_vacancies?search_type=fullThrottle&offset=0&limit=100&average_salary=true&categories_facets=true&highlight=true&state=1&explain=1&geo_id=29&agglomeration_vacancies_count_facets=1&rubric_filter_mode=new
Вологодская;https://vologodskaya-oblast.zarplata.ru/api/v1/collapsed_vacancies?search_type=fullThrottle&offset=0&limit=100&average_salary=true&categories_facets=true&highlight=true&state=1&explain=1&geo_id=35&agglomeration_vacancies_count_facets=1&rubric_filter_mode=new
Калининградская;https://kaliningradskaya-oblast.zarplata.ru/api/v1/collapsed_vacancies?search_type=fullThrottle&offset=0&limit=100&average_salary=true&categories_facets=true&highlight=true&state=1&explain=1&geo_id=39&agglomeration_vacancies_count_facets=1&rubric_filter_mode=new
Карелия;https://kareliya.zarplata.ru/api/v1/collapsed_vacancies?search_type=fullThrottle&offset=0&limit=100&average_salary=true&categories_facets=true&highlight=true&state=1&explain=1&geo_id=10&agglomeration_vacancies_count_facets=1&rubric_filter_mode=new
Коми;https://komi.zarplata.ru/api/v1/collapsed_vacancies?search_type=fullThrottle&offset=0&limit=100&average_salary=true&categories_facets=true&highlight=true&state=1&explain=1&geo_id=11&agglomeration_vacancies_count_facets=1&rubric_filter_mode=new
Мурманская;https://murmanskaya-oblast.zarplata.ru/api/v1/collapsed_vacancies?search_type=fullThrottle&offset=0&limit=100&average_salary=true&categories_facets=true&highlight=true&state=1&explain=1&geo_id=51&agglomeration_vacancies_count_facets=1&rubric_filter_mode=new
Новгородская;https://novgorodskaya-oblast.zarplata.ru/api/v1/collapsed_vacancies?search_type=fullThrottle&offset=0&limit=100&average_salary=true&categories_facets=true&highlight=true&state=1&explain=1&geo_id=53&agglomeration_vacancies_count_facets=1&rubric_filter_mode=new
Псковская;https://pskovskaya-oblast.zarplata.ru/api/v1/collapsed_vacancies?search_type=fullThrottle&offset=0&limit=100&average_salary=true&categories_facets=true&highlight=true&state=1&explain=1&geo_id=60&agglomeration_vacancies_count_facets=1&rubric_filter_mode=new
Алтайский;https://altayskij-kray.zarplata.ru/api/v1/collapsed_vacancies?search_type=fullThrottle&offset=0&limit=100&average_salary=true&categories_facets=true&highlight=true&state=1&explain=1&geo_id=22&agglomeration_vacancies_count_facets=1&rubric_filter_mode=new
Бурятия;https://buryatiya.zarplata.ru/api/v1/collapsed_vacancies?search_type=fullThrottle&offset=0&limit=100&average_salary=true&categories_facets=true&highlight=true&state=1&explain=1&geo_id=3&agglomeration_vacancies_count_facets=1&rubric_filter_mode=new
Забайкальский;https://zabaykalskij-kray.zarplata.ru/api/v1/collapsed_vacancies?search_type=fullThrottle&offset=0&limit=100&average_salary=true&categories_facets=true&highlight=true&state=1&explain=1&geo_id=75&agglomeration_vacancies_count_facets=1&rubric_filter_mode=new
Иркутская;https://irkutskaya-oblast.zarplata.ru/api/v1/collapsed_vacancies?search_type=fullThrottle&offset=0&limit=100&average_salary=true&categories_facets=true&highlight=true&state=1&explain=1&geo_id=38&agglomeration_vacancies_count_facets=1&rubric_filter_mode=new
Кемеровская;https://kemerovskaya-oblast.zarplata.ru/api/v1/collapsed_vacancies?search_type=fullThrottle&offset=0&limit=100&average_salary=true&categories_facets=true&highlight=true&state=1&explain=1&geo_id=42&agglomeration_vacancies_count_facets=1&rubric_filter_mode=new
Красноярский;https://krasnoyarskij-kray.zarplata.ru/api/v1/collapsed_vacancies?search_type=fullThrottle&offset=0&limit=100&average_salary=true&categories_facets=true&highlight=true&state=1&explain=1&geo_id=24&agglomeration_vacancies_count_facets=1&rubric_filter_mode=new
Новосибирская;https://novosibirskaya-oblast.zarplata.ru/api/v1/collapsed_vacancies?search_type=fullThrottle&offset=0&limit=100&average_salary=true&categories_facets=true&highlight=true&state=1&explain=1&geo_id=54&agglomeration_vacancies_count_facets=1&rubric_filter_mode=new
Омская;https://omskaya-oblast.zarplata.ru/api/v1/collapsed_vacancies?search_type=fullThrottle&offset=0&limit=100&average_salary=true&categories_facets=true&highlight=true&state=1&explain=1&geo_id=55&agglomeration_vacancies_count_facets=1&rubric_filter_mode=new
Республика Алтай;https://altay.zarplata.ru/api/v1/collapsed_vacancies?search_type=fullThrottle&offset=0&limit=100&average_salary=true&categories_facets=true&highlight=true&state=1&explain=1&geo_id=4&agglomeration_vacancies_count_facets=1&rubric_filter_mode=new
Томская;https://tomskaya-oblast.zarplata.ru/api/v1/collapsed_vacancies?search_type=fullThrottle&offset=0&limit=100&average_salary=true&categories_facets=true&highlight=true&state=1&explain=1&geo_id=70&agglomeration_vacancies_count_facets=1&rubric_filter_mode=new
Тыва;https://tiva.zarplata.ru/api/v1/collapsed_vacancies?search_type=fullThrottle&offset=0&limit=100&average_salary=true&categories_facets=true&highlight=true&state=1&explain=1&geo_id=17&agglomeration_vacancies_count_facets=1&rubric_filter_mode=new
Хакасия;https://hakasiya.zarplata.ru/api/v1/collapsed_vacancies?search_type=fullThrottle&offset=0&limit=100&average_salary=true&categories_facets=true&highlight=true&state=1&explain=1&geo_id=19&agglomeration_vacancies_count_facets=1&rubric_filter_mode=new
Башкортостан;https://bashkortostan.zarplata.ru/api/v1/collapsed_vacancies?search_type=fullThrottle&offset=0&limit=100&average_salary=true&categories_facets=true&highlight=true&state=1&explain=1&geo_id=2&agglomeration_vacancies_count_facets=1&rubric_filter_mode=new
Кировская;https://kirovskaya-oblast.zarplata.ru/api/v1/collapsed_vacancies?search_type=fullThrottle&offset=0&limit=100&average_salary=true&categories_facets=true&highlight=true&state=1&explain=1&geo_id=43&agglomeration_vacancies_count_facets=1&rubric_filter_mode=new
Республика Марий Эл;https://marij-el.zarplata.ru/api/v1/collapsed_vacancies?search_type=fullThrottle&offset=0&limit=100&average_salary=true&categories_facets=true&highlight=true&state=1&explain=1&geo_id=12&agglomeration_vacancies_count_facets=1&rubric_filter_mode=new
Мордовия;https://mordoviya.zarplata.ru/api/v1/collapsed_vacancies?search_type=fullThrottle&offset=0&limit=100&average_salary=true&categories_facets=true&highlight=true&state=1&explain=1&geo_id=13&agglomeration_vacancies_count_facets=1&rubric_filter_mode=new
Нижегородская;https://nizhegorodskaya-oblast.zarplata.ru/api/v1/collapsed_vacancies?search_type=fullThrottle&offset=0&limit=100&average_salary=true&categories_facets=true&highlight=true&state=1&explain=1&geo_id=52&agglomeration_vacancies_count_facets=1&rubric_filter_mode=new
Оренбургская;https://orenburgskaya-oblast.zarplata.ru/api/v1/collapsed_vacancies?search_type=fullThrottle&offset=0&limit=100&average_salary=true&categories_facets=true&highlight=true&state=1&explain=1&geo_id=56&agglomeration_vacancies_count_facets=1&rubric_filter_mode=new
Пензенская;https://penzenskaya-oblast.zarplata.ru/api/v1/collapsed_vacancies?search_type=fullThrottle&offset=0&limit=100&average_salary=true&categories_facets=true&highlight=true&state=1&explain=1&geo_id=58&agglomeration_vacancies_count_facets=1&rubric_filter_mode=new
Пермский;https://permskij-kray.zarplata.ru/api/v1/collapsed_vacancies?search_type=fullThrottle&offset=0&limit=100&average_salary=true&categories_facets=true&highlight=true&state=1&explain=1&geo_id=59&agglomeration_vacancies_count_facets=1&rubric_filter_mode=new
Самарская;https://samarskaya-oblast.zarplata.ru/api/v1/collapsed_vacancies?search_type=fullThrottle&offset=0&limit=100&average_salary=true&categories_facets=true&highlight=true&state=1&explain=1&geo_id=63&agglomeration_vacancies_count_facets=1&rubric_filter_mode=new
Саратовская;https://saratovskaya-oblast.zarplata.ru/api/v1/collapsed_vacancies?search_type=fullThrottle&offset=0&limit=100&average_salary=true&categories_facets=true&highlight=true&state=1&explain=1&geo_id=64&agglomeration_vacancies_count_facets=1&rubric_filter_mode=new
Татарстан;https://tatarstan.zarplata.ru/api/v1/collapsed_vacancies?search_type=fullThrottle&offset=0&limit=100&average_salary=true&categories_facets=true&highlight=true&state=1&explain=1&geo_id=16&agglomeration_vacancies_count_facets=1&rubric_filter_mode=new
Удмуртия;https://udmurtskaya.zarplata.ru/api/v1/collapsed_vacancies?search_type=fullThrottle&offset=0&limit=100&average_salary=true&categories_facets=true&highlight=true&state=1&explain=1&geo_id=18&agglomeration_vacancies_count_facets=1&rubric_filter_mode=new
Ульяновская;https://ulyanovskaya-oblast.zarplata.ru/api/v1/collapsed_vacancies?search_type=fullThrottle&offset=0&limit=100&average_salary=true&categories_facets=true&highlight=true&state=1&explain=1&geo_id=73&agglomeration_vacancies_count_facets=1&rubric_filter_mode=new
Чувашия;https://chuvashskaya.zarplata.ru/api/v1/collapsed_vacancies?search_type=fullThrottle&offset=0&limit=100&average_salary=true&categories_facets=true&highlight=true&state=1&explain=1&geo_id=21&agglomeration_vacancies_count_facets=1&rubric_filter_mode=new
Курганская;https://kurganskaya-oblast.zarplata.ru/api/v1/collapsed_vacancies?search_type=fullThrottle&offset=0&limit=100&average_salary=true&categories_facets=true&highlight=true&state=1&explain=1&geo_id=45&agglomeration_vacancies_count_facets=1&rubric_filter_mode=new
Свердловская;https://sverdlovskaya-oblast.zarplata.ru/api/v1/collapsed_vacancies?search_type=fullThrottle&offset=0&limit=100&average_salary=true&categories_facets=true&highlight=true&state=1&explain=1&geo_id=66&agglomeration_vacancies_count_facets=1&rubric_filter_mode=new
Тюменская;https://tyumenskaya-oblast.zarplata.ru/api/v1/collapsed_vacancies?search_type=fullThrottle&offset=0&limit=100&average_salary=true&categories_facets=true&highlight=true&state=1&explain=1&geo_id=72&agglomeration_vacancies_count_facets=1&rubric_filter_mode=new
Ханты-Мансийский;https://hmao.zarplata.ru/api/v1/collapsed_vacancies?search_type=fullThrottle&offset=0&limit=100&average_salary=true&categories_facets=true&highlight=true&state=1&explain=1&geo_id=86&agglomeration_vacancies_count_facets=1&rubric_filter_mode=new
Челябинская;https://chelyabinskaya-oblast.zarplata.ru/api/v1/collapsed_vacancies?search_type=fullThrottle&offset=0&limit=100&average_salary=true&categories_facets=true&highlight=true&state=1&explain=1&geo_id=74&agglomeration_vacancies_count_facets=1&rubric_filter_mode=new
Ямало-Ненецкий;https://yanao.zarplata.ru/api/v1/collapsed_vacancies?search_type=fullThrottle&offset=0&limit=100&average_salary=true&categories_facets=true&highlight=true&state=1&explain=1&geo_id=89&agglomeration_vacancies_count_facets=1&rubric_filter_mode=new
Адыгея;https://adigeya.zarplata.ru/api/v1/collapsed_vacancies?search_type=fullThrottle&offset=0&limit=100&average_salary=true&categories_facets=true&highlight=true&state=1&explain=1&geo_id=1&agglomeration_vacancies_count_facets=1&rubric_filter_mode=new
Астраханская;https://astrahanskaya-oblast.zarplata.ru/api/v1/collapsed_vacancies?search_type=fullThrottle&offset=0&limit=100&average_salary=true&categories_facets=true&highlight=true&state=1&explain=1&geo_id=30&agglomeration_vacancies_count_facets=1&rubric_filter_mode=new
Волгоградская;https://volgogradskaya-oblast.zarplata.ru/api/v1/collapsed_vacancies?search_type=fullThrottle&offset=0&limit=100&average_salary=true&categories_facets=true&highlight=true&state=1&explain=1&geo_id=34&agglomeration_vacancies_count_facets=1&rubric_filter_mode=new
Калмыкия;https://kalmikiya.zarplata.ru/api/v1/collapsed_vacancies?search_type=fullThrottle&offset=0&limit=100&average_salary=true&categories_facets=true&highlight=true&state=1&explain=1&geo_id=8&agglomeration_vacancies_count_facets=1&rubric_filter_mode=new
Краснодарский;https://krasnodarskij-kray.zarplata.ru/api/v1/collapsed_vacancies?search_type=fullThrottle&offset=0&limit=100&average_salary=true&categories_facets=true&highlight=true&state=1&explain=1&geo_id=23&agglomeration_vacancies_count_facets=1&rubric_filter_mode=new
Ростовская;https://rostovskaya-oblast.zarplata.ru/api/v1/collapsed_vacancies?search_type=fullThrottle&offset=0&limit=100&average_salary=true&categories_facets=true&highlight=true&state=1&explain=1&geo_id=61&agglomeration_vacancies_count_facets=1&rubric_filter_mode=new
Амурская;https://amurskaya-oblast.zarplata.ru/api/v1/collapsed_vacancies?search_type=fullThrottle&offset=0&limit=100&average_salary=true&categories_facets=true&highlight=true&state=1&explain=1&geo_id=28&agglomeration_vacancies_count_facets=1&rubric_filter_mode=new
Камчатский;https://kamchatskij-kray.zarplata.ru/api/v1/collapsed_vacancies?search_type=fullThrottle&offset=0&limit=100&average_salary=true&categories_facets=true&highlight=true&state=1&explain=1&geo_id=41&agglomeration_vacancies_count_facets=1&rubric_filter_mode=new
Магаданская;https://magadanskaya-oblast.zarplata.ru/api/v1/collapsed_vacancies?search_type=fullThrottle&offset=0&limit=100&average_salary=true&categories_facets=true&highlight=true&state=1&explain=1&geo_id=49&agglomeration_vacancies_count_facets=1&rubric_filter_mode=new
Приморский;https://primorskij-kray.zarplata.ru/api/v1/collapsed_vacancies?search_type=fullThrottle&offset=0&limit=100&average_salary=true&categories_facets=true&highlight=true&state=1&explain=1&geo_id=25&agglomeration_vacancies_count_facets=1&rubric_filter_mode=new
Сахалинская;https://sakhalin.zarplata.ru/api/v1/collapsed_vacancies?search_type=fullThrottle&offset=0&limit=100&average_salary=true&categories_facets=true&highlight=true&state=1&explain=1&geo_id=65&agglomeration_vacancies_count_facets=1&rubric_filter_mode=new
Хабаровский;https://habarovskij-kray.zarplata.ru/api/v1/collapsed_vacancies?search_type=fullThrottle&offset=0&limit=100&average_salary=true&categories_facets=true&highlight=true&state=1&explain=1&geo_id=27&agglomeration_vacancies_count_facets=1&rubric_filter_mode=new
Дагестан;https://dagestan.zarplata.ru/api/v1/collapsed_vacancies?search_type=fullThrottle&offset=0&limit=100&average_salary=true&categories_facets=true&highlight=true&state=1&explain=1&geo_id=5&agglomeration_vacancies_count_facets=1&rubric_filter_mode=new
Северная Осетия;https://severnaya-osetiya.zarplata.ru/api/v1/collapsed_vacancies?search_type=fullThrottle&offset=0&limit=100&average_salary=true&categories_facets=true&highlight=true&state=1&explain=1&geo_id=15&agglomeration_vacancies_count_facets=1&rubric_filter_mode=new
Ставропольский;https://stavropolskij-kray.zarplata.ru/api/v1/collapsed_vacancies?search_type=fullThrottle&offset=0&limit=100&average_salary=true&categories_facets=true&highlight=true&state=1&explain=1&geo_id=26&agglomeration_vacancies_count_facets=1&rubric_filter_mode=new